V1 - First Repetition;;;;;;;;;;
error;17,09388347;;;;;;;;;
reached.threshold;0,009915029;;;;;;;;;
steps;317;;;;;;;;;
Intercept.to.1layhid1;0,001026079;;;;;;;;;
LiqG_2017.to.1layhid1;-0,76934214;;;;;;;;;
Mliq_2017.to.1layhid1;-0,737359043;;;;;;;;;
CompEnd_2017.to.1layhid1;0,264803706;;;;;;;;;
End_2017.to.1layhid1;-1,018690458;;;;;;;;;
EBITDA_2017.to.1layhid1;-0,418283445;;;;;;;;;
ROI_2017.to.1layhid1;-1,069721869;;;;;;;;;
ROE_2017.to.1layhid1;-0,237253285;;;;;;;;;
PCT_2017.to.1layhid1;0,373382766;;;;;;;;;
GA_2017.to.1layhid1;-0,377777558;;;;;;;;;
QE_2017.to.1layhid1;0,15987496;;;;;;;;;
EstAgri_2017.to.1layhid1;1,067300213;;;;;;;;;
PF_2017.to.1layhid1;-0,308662365;;;;;;;;;
VC_2017.to.1layhid1;-0,141167126;;;;;;;;;
VS_2017.to.1layhid1;-0,063650648;;;;;;;;;
TXPIB_2017.to.1layhid1;2,203757229;;;;;;;;;
Lucr_2016.to.1layhid1;-0,80843348;;;;;;;;;
Lucr_2015.to.1layhid1;-0,077628304;;;;;;;;;
Lucr_2014.to.1layhid1;0,996593592;;;;;;;;;
Lucr_2013.to.1layhid1;0,204563939;;;;;;;;;
Lucr_2012.to.1layhid1;-0,592462662;;;;;;;;;
Lucr_2011.to.1layhid1;-0,960091784;;;;;;;;;
Intercept.to.1layhid2;0,901307972;;;;;;;;;
LiqG_2017.to.1layhid2;1,669236628;;;;;;;;;
Mliq_2017.to.1layhid2;1,236579836;;;;;;;;;
CompEnd_2017.to.1layhid2;-0,508609124;;;;;;;;;
End_2017.to.1layhid2;1,541880635;;;;;;;;;
EBITDA_2017.to.1layhid2;-0,131980364;;;;;;;;;
ROI_2017.to.1layhid2;1,150518846;;;;;;;;;
ROE_2017.to.1layhid2;-0,361811631;;;;;;;;;
PCT_2017.to.1layhid2;-0,101840225;;;;;;;;;
GA_2017.to.1layhid2;0,217958756;;;;;;;;;
QE_2017.to.1layhid2;0,371311312;;;;;;;;;
EstAgri_2017.to.1layhid2;-0,214464414;;;;;;;;;
PF_2017.to.1layhid2;-1,452685756;;;;;;;;;
VC_2017.to.1layhid2;-1,276709202;;;;;;;;;
VS_2017.to.1layhid2;1,348668729;;;;;;;;;
TXPIB_2017.to.1layhid2;0,513912498;;;;;;;;;
Lucr_2016.to.1layhid2;0,299171904;;;;;;;;;
Lucr_2015.to.1layhid2;-0,4585577;;;;;;;;;
Lucr_2014.to.1layhid2;-0,874506177;;;;;;;;;
Lucr_2013.to.1layhid2;0,440433354;;;;;;;;;
Lucr_2012.to.1layhid2;0,300328527;;;;;;;;;
Lucr_2011.to.1layhid2;0,821619891;;;;;;;;;
Intercept.to.1layhid3;1,883989137;;;;;;;;;
LiqG_2017.to.1layhid3;1,558614568;;;;;;;;;
Mliq_2017.to.1layhid3;-0,519194115;;;;;;;;;
CompEnd_2017.to.1layhid3;-0,142184676;;;;;;;;;
End_2017.to.1layhid3;-0,968301013;;;;;;;;;
EBITDA_2017.to.1layhid3;-0,604154048;;;;;;;;;
ROI_2017.to.1layhid3;-0,077147402;;;;;;;;;
ROE_2017.to.1layhid3;0,597532448;;;;;;;;;
PCT_2017.to.1layhid3;-0,55112505;;;;;;;;;
GA_2017.to.1layhid3;1,345663449;;;;;;;;;
QE_2017.to.1layhid3;0,152298457;;;;;;;;;
EstAgri_2017.to.1layhid3;0,070937146;;;;;;;;;
PF_2017.to.1layhid3;0,184318676;;;;;;;;;
VC_2017.to.1layhid3;-0,258784869;;;;;;;;;
VS_2017.to.1layhid3;-1,394262647;;;;;;;;;
TXPIB_2017.to.1layhid3;0,071497712;;;;;;;;;
Lucr_2016.to.1layhid3;0,19262182;;;;;;;;;
Lucr_2015.to.1layhid3;0,55535896;;;;;;;;;
Lucr_2014.to.1layhid3;-1,03148531;;;;;;;;;
Lucr_2013.to.1layhid3;1,040783393;;;;;;;;;
Lucr_2012.to.1layhid3;0,367078485;;;;;;;;;
Lucr_2011.to.1layhid3;-1,235785455;;;;;;;;;
Intercept.to.1layhid4;0,526871868;;;;;;;;;
LiqG_2017.to.1layhid4;-1,194229255;;;;;;;;;
Mliq_2017.to.1layhid4;1,195762375;;;;;;;;;
CompEnd_2017.to.1layhid4;-0,704484006;;;;;;;;;
End_2017.to.1layhid4;-0,132116479;;;;;;;;;
EBITDA_2017.to.1layhid4;1,358125567;;;;;;;;;
ROI_2017.to.1layhid4;1,327461856;;;;;;;;;
ROE_2017.to.1layhid4;1,49521724;;;;;;;;;
PCT_2017.to.1layhid4;0,221165036;;;;;;;;;
GA_2017.to.1layhid4;0,279342637;;;;;;;;;
QE_2017.to.1layhid4;-2,633968873;;;;;;;;;
EstAgri_2017.to.1layhid4;0,861319851;;;;;;;;;
PF_2017.to.1layhid4;-1,055082761;;;;;;;;;
VC_2017.to.1layhid4;0,832211518;;;;;;;;;
VS_2017.to.1layhid4;0,081230095;;;;;;;;;
TXPIB_2017.to.1layhid4;-1,942670668;;;;;;;;;
Lucr_2016.to.1layhid4;-0,090189895;;;;;;;;;
Lucr_2015.to.1layhid4;0,949086454;;;;;;;;;
Lucr_2014.to.1layhid4;-0,48689198;;;;;;;;;
Lucr_2013.to.1layhid4;1,230431327;;;;;;;;;
Lucr_2012.to.1layhid4;0,084255644;;;;;;;;;
Lucr_2011.to.1layhid4;-0,282324255;;;;;;;;;
Intercept.to.1layhid5;-1,890287233;;;;;;;;;
LiqG_2017.to.1layhid5;-0,129349501;;;;;;;;;
Mliq_2017.to.1layhid5;-1,258359576;;;;;;;;;
CompEnd_2017.to.1layhid5;-0,585744491;;;;;;;;;
End_2017.to.1layhid5;-0,999966196;;;;;;;;;
EBITDA_2017.to.1layhid5;-2,180606787;;;;;;;;;
ROI_2017.to.1layhid5;0,583619383;;;;;;;;;
ROE_2017.to.1layhid5;-1,323444593;;;;;;;;;
PCT_2017.to.1layhid5;-1,398086725;;;;;;;;;
GA_2017.to.1layhid5;-0,386127855;;;;;;;;;
QE_2017.to.1layhid5;-1,123293538;;;;;;;;;
EstAgri_2017.to.1layhid5;-1,227943023;;;;;;;;;
PF_2017.to.1layhid5;0,41405458;;;;;;;;;
VC_2017.to.1layhid5;0,497530743;;;;;;;;;
VS_2017.to.1layhid5;-0,500783849;;;;;;;;;
TXPIB_2017.to.1layhid5;0,605792356;;;;;;;;;
Lucr_2016.to.1layhid5;-2,001282286;;;;;;;;;
Lucr_2015.to.1layhid5;0,960640319;;;;;;;;;
Lucr_2014.to.1layhid5;-0,745310454;;;;;;;;;
Lucr_2013.to.1layhid5;-0,376789687;;;;;;;;;
Lucr_2012.to.1layhid5;1,289462717;;;;;;;;;
Lucr_2011.to.1layhid5;-0,480813071;;;;;;;;;
Intercept.to.1layhid6;0,345989118;;;;;;;;;
LiqG_2017.to.1layhid6;-1,884596892;;;;;;;;;
Mliq_2017.to.1layhid6;0,417312398;;;;;;;;;
CompEnd_2017.to.1layhid6;1,169140727;;;;;;;;;
End_2017.to.1layhid6;-0,425402456;;;;;;;;;
EBITDA_2017.to.1layhid6;1,943104691;;;;;;;;;
ROI_2017.to.1layhid6;-2,089685071;;;;;;;;;
ROE_2017.to.1layhid6;-0,820534662;;;;;;;;;
PCT_2017.to.1layhid6;-0,793247569;;;;;;;;;
GA_2017.to.1layhid6;0,133482368;;;;;;;;;
QE_2017.to.1layhid6;-0,044064574;;;;;;;;;
EstAgri_2017.to.1layhid6;-1,538116094;;;;;;;;;
PF_2017.to.1layhid6;0,013155407;;;;;;;;;
VC_2017.to.1layhid6;-0,987027384;;;;;;;;;
VS_2017.to.1layhid6;-0,438604138;;;;;;;;;
TXPIB_2017.to.1layhid6;0,13756054;;;;;;;;;
Lucr_2016.to.1layhid6;1,606959769;;;;;;;;;
Lucr_2015.to.1layhid6;0,163583516;;;;;;;;;
Lucr_2014.to.1layhid6;0,075305405;;;;;;;;;
Lucr_2013.to.1layhid6;0,429857209;;;;;;;;;
Lucr_2012.to.1layhid6;-1,332092682;;;;;;;;;
Lucr_2011.to.1layhid6;-1,20286499;;;;;;;;;
Intercept.to.1layhid7;-0,5892472;;;;;;;;;
LiqG_2017.to.1layhid7;-0,151963759;;;;;;;;;
Mliq_2017.to.1layhid7;-0,89306232;;;;;;;;;
CompEnd_2017.to.1layhid7;-0,765105972;;;;;;;;;
End_2017.to.1layhid7;-0,190466251;;;;;;;;;
EBITDA_2017.to.1layhid7;-0,833861139;;;;;;;;;
ROI_2017.to.1layhid7;0,25996959;;;;;;;;;
ROE_2017.to.1layhid7;0,082674143;;;;;;;;;
PCT_2017.to.1layhid7;-0,076843186;;;;;;;;;
GA_2017.to.1layhid7;-0,871247701;;;;;;;;;
QE_2017.to.1layhid7;0,618630849;;;;;;;;;
EstAgri_2017.to.1layhid7;0,492503843;;;;;;;;;
PF_2017.to.1layhid7;1,375577879;;;;;;;;;
VC_2017.to.1layhid7;1,363349707;;;;;;;;;
VS_2017.to.1layhid7;0,626167927;;;;;;;;;
TXPIB_2017.to.1layhid7;0,75573559;;;;;;;;;
Lucr_2016.to.1layhid7;0,845806802;;;;;;;;;
Lucr_2015.to.1layhid7;-0,544331507;;;;;;;;;
Lucr_2014.to.1layhid7;2,138600152;;;;;;;;;
Lucr_2013.to.1layhid7;1,402186306;;;;;;;;;
Lucr_2012.to.1layhid7;-0,169379326;;;;;;;;;
Lucr_2011.to.1layhid7;1,224144345;;;;;;;;;
Intercept.to.1layhid8;-0,865359732;;;;;;;;;
LiqG_2017.to.1layhid8;-1,28501893;;;;;;;;;
Mliq_2017.to.1layhid8;-1,466957654;;;;;;;;;
CompEnd_2017.to.1layhid8;0,900022043;;;;;;;;;
End_2017.to.1layhid8;-0,668842569;;;;;;;;;
EBITDA_2017.to.1layhid8;-0,036463217;;;;;;;;;
ROI_2017.to.1layhid8;-0,081770969;;;;;;;;;
ROE_2017.to.1layhid8;-1,538906078;;;;;;;;;
PCT_2017.to.1layhid8;-1,105543907;;;;;;;;;
GA_2017.to.1layhid8;-1,432827906;;;;;;;;;
QE_2017.to.1layhid8;-3,032471731;;;;;;;;;
EstAgri_2017.to.1layhid8;-0,702550477;;;;;;;;;
PF_2017.to.1layhid8;1,349389623;;;;;;;;;
VC_2017.to.1layhid8;-0,043953449;;;;;;;;;
VS_2017.to.1layhid8;0,742089912;;;;;;;;;
TXPIB_2017.to.1layhid8;1,278430967;;;;;;;;;
Lucr_2016.to.1layhid8;0,941479016;;;;;;;;;
Lucr_2015.to.1layhid8;-0,774909575;;;;;;;;;
Lucr_2014.to.1layhid8;-2,568978071;;;;;;;;;
Lucr_2013.to.1layhid8;-0,88871757;;;;;;;;;
Lucr_2012.to.1layhid8;-0,97032924;;;;;;;;;
Lucr_2011.to.1layhid8;0,918174904;;;;;;;;;
Intercept.to.1layhid9;2,367050392;;;;;;;;;
LiqG_2017.to.1layhid9;0,388341612;;;;;;;;;
Mliq_2017.to.1layhid9;-0,998302613;;;;;;;;;
CompEnd_2017.to.1layhid9;-1,068962614;;;;;;;;;
End_2017.to.1layhid9;0,833354961;;;;;;;;;
EBITDA_2017.to.1layhid9;-1,315280417;;;;;;;;;
ROI_2017.to.1layhid9;1,354704269;;;;;;;;;
ROE_2017.to.1layhid9;1,58481745;;;;;;;;;
PCT_2017.to.1layhid9;0,483605887;;;;;;;;;
GA_2017.to.1layhid9;0,353579409;;;;;;;;;
QE_2017.to.1layhid9;0,216280713;;;;;;;;;
EstAgri_2017.to.1layhid9;0,825390004;;;;;;;;;
PF_2017.to.1layhid9;0,495382576;;;;;;;;;
VC_2017.to.1layhid9;-1,588412938;;;;;;;;;
VS_2017.to.1layhid9;1,036613977;;;;;;;;;
TXPIB_2017.to.1layhid9;-1,148619813;;;;;;;;;
Lucr_2016.to.1layhid9;0,309875111;;;;;;;;;
Lucr_2015.to.1layhid9;-1,347753962;;;;;;;;;
Lucr_2014.to.1layhid9;-1,040060886;;;;;;;;;
Lucr_2013.to.1layhid9;-1,578130302;;;;;;;;;
Lucr_2012.to.1layhid9;-2,270687762;;;;;;;;;
Lucr_2011.to.1layhid9;1,132879699;;;;;;;;;
Intercept.to.1layhid10;0,195727362;;;;;;;;;
LiqG_2017.to.1layhid10;0,216842397;;;;;;;;;
Mliq_2017.to.1layhid10;1,016622705;;;;;;;;;
CompEnd_2017.to.1layhid10;0,556789336;;;;;;;;;
End_2017.to.1layhid10;-1,132804714;;;;;;;;;
EBITDA_2017.to.1layhid10;-0,037203473;;;;;;;;;
ROI_2017.to.1layhid10;-0,247464999;;;;;;;;;
ROE_2017.to.1layhid10;-0,632140072;;;;;;;;;
PCT_2017.to.1layhid10;0,275936545;;;;;;;;;
GA_2017.to.1layhid10;-0,208932383;;;;;;;;;
QE_2017.to.1layhid10;-0,684880079;;;;;;;;;
EstAgri_2017.to.1layhid10;1,324965967;;;;;;;;;
PF_2017.to.1layhid10;0,226941382;;;;;;;;;
VC_2017.to.1layhid10;0,715780468;;;;;;;;;
VS_2017.to.1layhid10;0,949256253;;;;;;;;;
TXPIB_2017.to.1layhid10;0,316533792;;;;;;;;;
Lucr_2016.to.1layhid10;-1,380241221;;;;;;;;;
Lucr_2015.to.1layhid10;0,080547762;;;;;;;;;
Lucr_2014.to.1layhid10;-0,076109221;;;;;;;;;
Lucr_2013.to.1layhid10;-0,375464664;;;;;;;;;
Lucr_2012.to.1layhid10;1,462500436;;;;;;;;;
Lucr_2011.to.1layhid10;-0,103641111;;;;;;;;;
Intercept.to.1layhid11;1,156064756;;;;;;;;;
LiqG_2017.to.1layhid11;-0,050019419;;;;;;;;;
Mliq_2017.to.1layhid11;-1,200814745;;;;;;;;;
CompEnd_2017.to.1layhid11;0,356542828;;;;;;;;;
End_2017.to.1layhid11;0,609073697;;;;;;;;;
EBITDA_2017.to.1layhid11;-0,274363483;;;;;;;;;
ROI_2017.to.1layhid11;-0,167740748;;;;;;;;;
ROE_2017.to.1layhid11;0,975137559;;;;;;;;;
PCT_2017.to.1layhid11;-2,88419973;;;;;;;;;
GA_2017.to.1layhid11;2,025026063;;;;;;;;;
QE_2017.to.1layhid11;-0,214427064;;;;;;;;;
EstAgri_2017.to.1layhid11;-0,390251163;;;;;;;;;
PF_2017.to.1layhid11;-0,777117036;;;;;;;;;
VC_2017.to.1layhid11;0,87645675;;;;;;;;;
VS_2017.to.1layhid11;-1,128706112;;;;;;;;;
TXPIB_2017.to.1layhid11;-0,797686553;;;;;;;;;
Lucr_2016.to.1layhid11;-0,327137161;;;;;;;;;
Lucr_2015.to.1layhid11;-0,156614882;;;;;;;;;
Lucr_2014.to.1layhid11;-0,511657392;;;;;;;;;
Lucr_2013.to.1layhid11;1,43906141;;;;;;;;;
Lucr_2012.to.1layhid11;1,281182749;;;;;;;;;
Lucr_2011.to.1layhid11;0,702094646;;;;;;;;;
Intercept.to.1layhid12;-0,479094525;;;;;;;;;
LiqG_2017.to.1layhid12;-2,258382093;;;;;;;;;
Mliq_2017.to.1layhid12;-0,613995911;;;;;;;;;
CompEnd_2017.to.1layhid12;0,568187353;;;;;;;;;
End_2017.to.1layhid12;0,528780038;;;;;;;;;
EBITDA_2017.to.1layhid12;0,238333479;;;;;;;;;
ROI_2017.to.1layhid12;-0,918617667;;;;;;;;;
ROE_2017.to.1layhid12;-1,308719819;;;;;;;;;
PCT_2017.to.1layhid12;1,109320356;;;;;;;;;
GA_2017.to.1layhid12;-0,408455235;;;;;;;;;
QE_2017.to.1layhid12;0,381687257;;;;;;;;;
EstAgri_2017.to.1layhid12;0,377213467;;;;;;;;;
PF_2017.to.1layhid12;-0,297839214;;;;;;;;;
VC_2017.to.1layhid12;0,002697274;;;;;;;;;
VS_2017.to.1layhid12;0,391239734;;;;;;;;;
TXPIB_2017.to.1layhid12;0,674887718;;;;;;;;;
Lucr_2016.to.1layhid12;-0,394908162;;;;;;;;;
Lucr_2015.to.1layhid12;0,451796137;;;;;;;;;
Lucr_2014.to.1layhid12;-0,839161627;;;;;;;;;
Lucr_2013.to.1layhid12;0,506360192;;;;;;;;;
Lucr_2012.to.1layhid12;1,41740237;;;;;;;;;
Lucr_2011.to.1layhid12;-0,935349106;;;;;;;;;
Intercept.to.1layhid13;-1,351047053;;;;;;;;;
LiqG_2017.to.1layhid13;-0,675754618;;;;;;;;;
Mliq_2017.to.1layhid13;-1,207603965;;;;;;;;;
CompEnd_2017.to.1layhid13;-1,40234536;;;;;;;;;
End_2017.to.1layhid13;1,317393408;;;;;;;;;
EBITDA_2017.to.1layhid13;1,019391113;;;;;;;;;
ROI_2017.to.1layhid13;0,952438457;;;;;;;;;
ROE_2017.to.1layhid13;-0,734270414;;;;;;;;;
PCT_2017.to.1layhid13;0,690688036;;;;;;;;;
GA_2017.to.1layhid13;-0,203447495;;;;;;;;;
QE_2017.to.1layhid13;-0,721724285;;;;;;;;;
EstAgri_2017.to.1layhid13;1,061725468;;;;;;;;;
PF_2017.to.1layhid13;0,801051716;;;;;;;;;
VC_2017.to.1layhid13;-0,228842946;;;;;;;;;
VS_2017.to.1layhid13;0,960897009;;;;;;;;;
TXPIB_2017.to.1layhid13;-0,873832684;;;;;;;;;
Lucr_2016.to.1layhid13;-1,185680757;;;;;;;;;
Lucr_2015.to.1layhid13;0,01113544;;;;;;;;;
Lucr_2014.to.1layhid13;0,290205135;;;;;;;;;
Lucr_2013.to.1layhid13;-1,290721906;;;;;;;;;
Lucr_2012.to.1layhid13;0,059470163;;;;;;;;;
Lucr_2011.to.1layhid13;1,555037117;;;;;;;;;
Intercept.to.1layhid14;-0,789640054;;;;;;;;;
LiqG_2017.to.1layhid14;-0,844769626;;;;;;;;;
Mliq_2017.to.1layhid14;1,959149326;;;;;;;;;
CompEnd_2017.to.1layhid14;0,069850898;;;;;;;;;
End_2017.to.1layhid14;-0,386998816;;;;;;;;;
EBITDA_2017.to.1layhid14;-1,16183565;;;;;;;;;
ROI_2017.to.1layhid14;0,282622927;;;;;;;;;
ROE_2017.to.1layhid14;-0,479344651;;;;;;;;;
PCT_2017.to.1layhid14;-0,393536755;;;;;;;;;
GA_2017.to.1layhid14;-0,787051461;;;;;;;;;
QE_2017.to.1layhid14;1,127201094;;;;;;;;;
EstAgri_2017.to.1layhid14;1,024466492;;;;;;;;;
PF_2017.to.1layhid14;-0,12463566;;;;;;;;;
VC_2017.to.1layhid14;0,245940615;;;;;;;;;
VS_2017.to.1layhid14;1,147229322;;;;;;;;;
TXPIB_2017.to.1layhid14;-1,540945855;;;;;;;;;
Lucr_2016.to.1layhid14;0,439941452;;;;;;;;;
Lucr_2015.to.1layhid14;-0,379514928;;;;;;;;;
Lucr_2014.to.1layhid14;-0,654769122;;;;;;;;;
Lucr_2013.to.1layhid14;1,820122838;;;;;;;;;
Lucr_2012.to.1layhid14;-1,476017035;;;;;;;;;
Lucr_2011.to.1layhid14;0,184208096;;;;;;;;;
Intercept.to.1layhid15;1,558872074;;;;;;;;;
LiqG_2017.to.1layhid15;-0,682446721;;;;;;;;;
Mliq_2017.to.1layhid15;-1,665972568;;;;;;;;;
CompEnd_2017.to.1layhid15;0,673707883;;;;;;;;;
End_2017.to.1layhid15;-0,497440728;;;;;;;;;
EBITDA_2017.to.1layhid15;0,102621704;;;;;;;;;
ROI_2017.to.1layhid15;0,94603258;;;;;;;;;
ROE_2017.to.1layhid15;-0,678392818;;;;;;;;;
PCT_2017.to.1layhid15;0,151243154;;;;;;;;;
GA_2017.to.1layhid15;0,107423079;;;;;;;;;
QE_2017.to.1layhid15;0,69641109;;;;;;;;;
EstAgri_2017.to.1layhid15;1,370289851;;;;;;;;;
PF_2017.to.1layhid15;-0,15535541;;;;;;;;;
VC_2017.to.1layhid15;0,380838982;;;;;;;;;
VS_2017.to.1layhid15;0,845160298;;;;;;;;;
TXPIB_2017.to.1layhid15;0,542440835;;;;;;;;;
Lucr_2016.to.1layhid15;-0,186511162;;;;;;;;;
Lucr_2015.to.1layhid15;-0,613633802;;;;;;;;;
Lucr_2014.to.1layhid15;-1,100812648;;;;;;;;;
Lucr_2013.to.1layhid15;0,409936855;;;;;;;;;
Lucr_2012.to.1layhid15;-0,905398475;;;;;;;;;
Lucr_2011.to.1layhid15;0,138412906;;;;;;;;;
Intercept.to.1layhid16;-2,628089021;;;;;;;;;
LiqG_2017.to.1layhid16;0,865739204;;;;;;;;;
Mliq_2017.to.1layhid16;-1,485547274;;;;;;;;;
CompEnd_2017.to.1layhid16;-2,649357251;;;;;;;;;
End_2017.to.1layhid16;-0,145765007;;;;;;;;;
EBITDA_2017.to.1layhid16;-1,251520668;;;;;;;;;
ROI_2017.to.1layhid16;1,206366791;;;;;;;;;
ROE_2017.to.1layhid16;1,843452384;;;;;;;;;
PCT_2017.to.1layhid16;1,826484735;;;;;;;;;
GA_2017.to.1layhid16;-0,821331728;;;;;;;;;
QE_2017.to.1layhid16;0,266280732;;;;;;;;;
EstAgri_2017.to.1layhid16;-1,279752069;;;;;;;;;
PF_2017.to.1layhid16;0,928932427;;;;;;;;;
VC_2017.to.1layhid16;0,785564662;;;;;;;;;
VS_2017.to.1layhid16;-1,03019779;;;;;;;;;
TXPIB_2017.to.1layhid16;0,980948264;;;;;;;;;
Lucr_2016.to.1layhid16;0,088805187;;;;;;;;;
Lucr_2015.to.1layhid16;0,429138893;;;;;;;;;
Lucr_2014.to.1layhid16;0,338669249;;;;;;;;;
Lucr_2013.to.1layhid16;-1,204372561;;;;;;;;;
Lucr_2012.to.1layhid16;0,041412667;;;;;;;;;
Lucr_2011.to.1layhid16;1,295515169;;;;;;;;;
Intercept.to.2layhid1;0,370417762;;;;;;;;;
1layhid1.to.2layhid1;2,333027057;;;;;;;;;
1layhid2.to.2layhid1;-2,242122796;;;;;;;;;
1layhid3.to.2layhid1;0,418268264;;;;;;;;;
1layhid4.to.2layhid1;0,230636662;;;;;;;;;
1layhid5.to.2layhid1;-0,783511084;;;;;;;;;
1layhid6.to.2layhid1;-2,595463526;;;;;;;;;
1layhid7.to.2layhid1;1,28499784;;;;;;;;;
1layhid8.to.2layhid1;1,049405942;;;;;;;;;
1layhid9.to.2layhid1;0,79323934;;;;;;;;;
1layhid10.to.2layhid1;0,35795368;;;;;;;;;
1layhid11.to.2layhid1;-0,226779774;;;;;;;;;
1layhid12.to.2layhid1;-1,937399398;;;;;;;;;
1layhid13.to.2layhid1;3,137471932;;;;;;;;;
1layhid14.to.2layhid1;-1,208322061;;;;;;;;;
1layhid15.to.2layhid1;1,26659977;;;;;;;;;
1layhid16.to.2layhid1;-3,107971232;;;;;;;;;
Intercept.to.2layhid2;-0,122153611;;;;;;;;;
1layhid1.to.2layhid2;0,145469716;;;;;;;;;
1layhid2.to.2layhid2;-1,327424826;;;;;;;;;
1layhid3.to.2layhid2;1,843385234;;;;;;;;;
1layhid4.to.2layhid2;0,802151764;;;;;;;;;
1layhid5.to.2layhid2;-2,29862291;;;;;;;;;
1layhid6.to.2layhid2;0,886625539;;;;;;;;;
1layhid7.to.2layhid2;-0,162849089;;;;;;;;;
1layhid8.to.2layhid2;-0,19609656;;;;;;;;;
1layhid9.to.2layhid2;0,338085836;;;;;;;;;
1layhid10.to.2layhid2;3,114594144;;;;;;;;;
1layhid11.to.2layhid2;0,133592271;;;;;;;;;
1layhid12.to.2layhid2;-1,461145601;;;;;;;;;
1layhid13.to.2layhid2;-0,328710257;;;;;;;;;
1layhid14.to.2layhid2;0,482427875;;;;;;;;;
1layhid15.to.2layhid2;0,505161927;;;;;;;;;
1layhid16.to.2layhid2;0,101322749;;;;;;;;;
Intercept.to.2layhid3;-0,778462135;;;;;;;;;
1layhid1.to.2layhid3;0,30607609;;;;;;;;;
1layhid2.to.2layhid3;0,90292367;;;;;;;;;
1layhid3.to.2layhid3;-1,968153883;;;;;;;;;
1layhid4.to.2layhid3;0,460692961;;;;;;;;;
1layhid5.to.2layhid3;1,632056977;;;;;;;;;
1layhid6.to.2layhid3;-0,611072018;;;;;;;;;
1layhid7.to.2layhid3;-4,285122638;;;;;;;;;
1layhid8.to.2layhid3;1,404793303;;;;;;;;;
1layhid9.to.2layhid3;-0,552896424;;;;;;;;;
1layhid10.to.2layhid3;1,91265822;;;;;;;;;
1layhid11.to.2layhid3;4,019918773;;;;;;;;;
1layhid12.to.2layhid3;0,272105963;;;;;;;;;
1layhid13.to.2layhid3;-0,585171986;;;;;;;;;
1layhid14.to.2layhid3;-4,930223905;;;;;;;;;
1layhid15.to.2layhid3;1,094330033;;;;;;;;;
1layhid16.to.2layhid3;0,207624224;;;;;;;;;
Intercept.to.2layhid4;2,438410475;;;;;;;;;
1layhid1.to.2layhid4;-0,380420988;;;;;;;;;
1layhid2.to.2layhid4;0,585885042;;;;;;;;;
1layhid3.to.2layhid4;0,894423061;;;;;;;;;
1layhid4.to.2layhid4;1,8388118;;;;;;;;;
1layhid5.to.2layhid4;-2,277944083;;;;;;;;;
1layhid6.to.2layhid4;-0,213450272;;;;;;;;;
1layhid7.to.2layhid4;0,298135436;;;;;;;;;
1layhid8.to.2layhid4;0,266475978;;;;;;;;;
1layhid9.to.2layhid4;-1,79189232;;;;;;;;;
1layhid10.to.2layhid4;2,911834047;;;;;;;;;
1layhid11.to.2layhid4;-2,085315457;;;;;;;;;
1layhid12.to.2layhid4;-0,332306276;;;;;;;;;
1layhid13.to.2layhid4;1,597665597;;;;;;;;;
1layhid14.to.2layhid4;-0,935896958;;;;;;;;;
1layhid15.to.2layhid4;0,054516188;;;;;;;;;
1layhid16.to.2layhid4;1,70655828;;;;;;;;;
Intercept.to.2layhid5;2,040430069;;;;;;;;;
1layhid1.to.2layhid5;0,060373162;;;;;;;;;
1layhid2.to.2layhid5;0,172828535;;;;;;;;;
1layhid3.to.2layhid5;-1,463042052;;;;;;;;;
1layhid4.to.2layhid5;0,856494866;;;;;;;;;
1layhid5.to.2layhid5;2,438446802;;;;;;;;;
1layhid6.to.2layhid5;-3,849437164;;;;;;;;;
1layhid7.to.2layhid5;-1,01873763;;;;;;;;;
1layhid8.to.2layhid5;-2,615641001;;;;;;;;;
1layhid9.to.2layhid5;0,892123114;;;;;;;;;
1layhid10.to.2layhid5;-3,182758541;;;;;;;;;
1layhid11.to.2layhid5;-0,268409879;;;;;;;;;
1layhid12.to.2layhid5;-0,63841648;;;;;;;;;
1layhid13.to.2layhid5;-0,024853022;;;;;;;;;
1layhid14.to.2layhid5;-0,683818629;;;;;;;;;
1layhid15.to.2layhid5;0,037594385;;;;;;;;;
1layhid16.to.2layhid5;1,758578983;;;;;;;;;
Intercept.to.2layhid6;-0,200983013;;;;;;;;;
1layhid1.to.2layhid6;-0,381038811;;;;;;;;;
1layhid2.to.2layhid6;0,359391649;;;;;;;;;
1layhid3.to.2layhid6;-0,71442597;;;;;;;;;
1layhid4.to.2layhid6;0,712932185;;;;;;;;;
1layhid5.to.2layhid6;0,433961611;;;;;;;;;
1layhid6.to.2layhid6;-0,506721513;;;;;;;;;
1layhid7.to.2layhid6;1,068983343;;;;;;;;;
1layhid8.to.2layhid6;-3,358170669;;;;;;;;;
1layhid9.to.2layhid6;0,153837386;;;;;;;;;
1layhid10.to.2layhid6;-1,2693375;;;;;;;;;
1layhid11.to.2layhid6;1,705787056;;;;;;;;;
1layhid12.to.2layhid6;0,437591637;;;;;;;;;
1layhid13.to.2layhid6;-4,379971656;;;;;;;;;
1layhid14.to.2layhid6;-1,200768127;;;;;;;;;
1layhid15.to.2layhid6;0,360774867;;;;;;;;;
1layhid16.to.2layhid6;-1,562848115;;;;;;;;;
Intercept.to.2layhid7;-0,60963466;;;;;;;;;
1layhid1.to.2layhid7;0,218245451;;;;;;;;;
1layhid2.to.2layhid7;4,549207093;;;;;;;;;
1layhid3.to.2layhid7;0,641037807;;;;;;;;;
1layhid4.to.2layhid7;0,780387895;;;;;;;;;
1layhid5.to.2layhid7;-4,015761742;;;;;;;;;
1layhid6.to.2layhid7;0,823572193;;;;;;;;;
1layhid7.to.2layhid7;0,488850356;;;;;;;;;
1layhid8.to.2layhid7;2,080588262;;;;;;;;;
1layhid9.to.2layhid7;-1,126429949;;;;;;;;;
1layhid10.to.2layhid7;7,26535392;;;;;;;;;
1layhid11.to.2layhid7;-4,169155047;;;;;;;;;
1layhid12.to.2layhid7;0,240320197;;;;;;;;;
1layhid13.to.2layhid7;-0,657391989;;;;;;;;;
1layhid14.to.2layhid7;1,910170495;;;;;;;;;
1layhid15.to.2layhid7;0,154161962;;;;;;;;;
1layhid16.to.2layhid7;-1,670948954;;;;;;;;;
Intercept.to.2layhid8;-0,892675552;;;;;;;;;
1layhid1.to.2layhid8;2,172971358;;;;;;;;;
1layhid2.to.2layhid8;-0,757874432;;;;;;;;;
1layhid3.to.2layhid8;2,324943643;;;;;;;;;
1layhid4.to.2layhid8;-1,62455672;;;;;;;;;
1layhid5.to.2layhid8;-1,005038017;;;;;;;;;
1layhid6.to.2layhid8;-0,164494223;;;;;;;;;
1layhid7.to.2layhid8;-1,042861459;;;;;;;;;
1layhid8.to.2layhid8;6,390195567;;;;;;;;;
1layhid9.to.2layhid8;0,12060113;;;;;;;;;
1layhid10.to.2layhid8;-6,542827583;;;;;;;;;
1layhid11.to.2layhid8;-2,128376744;;;;;;;;;
1layhid12.to.2layhid8;-0,018490257;;;;;;;;;
1layhid13.to.2layhid8;3,186273908;;;;;;;;;
1layhid14.to.2layhid8;1,878166501;;;;;;;;;
1layhid15.to.2layhid8;1,008988694;;;;;;;;;
1layhid16.to.2layhid8;1,514113812;;;;;;;;;
Intercept.to.2layhid9;0,863192725;;;;;;;;;
1layhid1.to.2layhid9;1,252460869;;;;;;;;;
1layhid2.to.2layhid9;-2,762968068;;;;;;;;;
1layhid3.to.2layhid9;0,035728925;;;;;;;;;
1layhid4.to.2layhid9;-6,868995054;;;;;;;;;
1layhid5.to.2layhid9;1,879504099;;;;;;;;;
1layhid6.to.2layhid9;-1,466446104;;;;;;;;;
1layhid7.to.2layhid9;-1,026501611;;;;;;;;;
1layhid8.to.2layhid9;0,696713073;;;;;;;;;
1layhid9.to.2layhid9;-0,530813429;;;;;;;;;
1layhid10.to.2layhid9;-3,534158141;;;;;;;;;
1layhid11.to.2layhid9;-0,245559546;;;;;;;;;
1layhid12.to.2layhid9;-0,511701783;;;;;;;;;
1layhid13.to.2layhid9;4,031893041;;;;;;;;;
1layhid14.to.2layhid9;0,082469966;;;;;;;;;
1layhid15.to.2layhid9;1,132816514;;;;;;;;;
1layhid16.to.2layhid9;0,881559384;;;;;;;;;
Intercept.to.2layhid10;-0,696989319;;;;;;;;;
1layhid1.to.2layhid10;-0,143911018;;;;;;;;;
1layhid2.to.2layhid10;-0,889108251;;;;;;;;;
1layhid3.to.2layhid10;-0,951826402;;;;;;;;;
1layhid4.to.2layhid10;-6,793969514;;;;;;;;;
1layhid5.to.2layhid10;0,430236975;;;;;;;;;
1layhid6.to.2layhid10;-0,901278621;;;;;;;;;
1layhid7.to.2layhid10;1,479004345;;;;;;;;;
1layhid8.to.2layhid10;-0,468431135;;;;;;;;;
1layhid9.to.2layhid10;-0,091631754;;;;;;;;;
1layhid10.to.2layhid10;-1,762433612;;;;;;;;;
1layhid11.to.2layhid10;0,735605556;;;;;;;;;
1layhid12.to.2layhid10;-0,001981415;;;;;;;;;
1layhid13.to.2layhid10;-2,666557626;;;;;;;;;
1layhid14.to.2layhid10;0,199385637;;;;;;;;;
1layhid15.to.2layhid10;0,529106713;;;;;;;;;
1layhid16.to.2layhid10;0,586058806;;;;;;;;;
Intercept.to.3layhid1;0,088611647;;;;;;;;;
2layhid1.to.3layhid1;1,335284548;;;;;;;;;
2layhid2.to.3layhid1;-0,478968743;;;;;;;;;
2layhid3.to.3layhid1;1,442271205;;;;;;;;;
2layhid4.to.3layhid1;1,292367432;;;;;;;;;
2layhid5.to.3layhid1;0,753140065;;;;;;;;;
2layhid6.to.3layhid1;0,477211328;;;;;;;;;
2layhid7.to.3layhid1;0,076006837;;;;;;;;;
2layhid8.to.3layhid1;-1,823101;;;;;;;;;
2layhid9.to.3layhid1;-0,217136516;;;;;;;;;
2layhid10.to.3layhid1;2,387896088;;;;;;;;;
Intercept.to.3layhid2;0,933297598;;;;;;;;;
2layhid1.to.3layhid2;-0,954308214;;;;;;;;;
2layhid2.to.3layhid2;0,380231764;;;;;;;;;
2layhid3.to.3layhid2;0,287043693;;;;;;;;;
2layhid4.to.3layhid2;0,209076524;;;;;;;;;
2layhid5.to.3layhid2;1,900930291;;;;;;;;;
2layhid6.to.3layhid2;5,301512679;;;;;;;;;
2layhid7.to.3layhid2;0,362853345;;;;;;;;;
2layhid8.to.3layhid2;0,441530345;;;;;;;;;
2layhid9.to.3layhid2;0,577875901;;;;;;;;;
2layhid10.to.3layhid2;-0,150183877;;;;;;;;;
Intercept.to.3layhid3;-0,635132714;;;;;;;;;
2layhid1.to.3layhid3;3,658649242;;;;;;;;;
2layhid2.to.3layhid3;0,680587823;;;;;;;;;
2layhid3.to.3layhid3;1,385360774;;;;;;;;;
2layhid4.to.3layhid3;0,54336111;;;;;;;;;
2layhid5.to.3layhid3;2,02441075;;;;;;;;;
2layhid6.to.3layhid3;-1,485032703;;;;;;;;;
2layhid7.to.3layhid3;-0,657902825;;;;;;;;;
2layhid8.to.3layhid3;1,20369114;;;;;;;;;
2layhid9.to.3layhid3;1,02573496;;;;;;;;;
2layhid10.to.3layhid3;0,533056932;;;;;;;;;
Intercept.to.3layhid4;-4,001445581;;;;;;;;;
2layhid1.to.3layhid4;-0,620332698;;;;;;;;;
2layhid2.to.3layhid4;-0,163671367;;;;;;;;;
2layhid3.to.3layhid4;4,794186998;;;;;;;;;
2layhid4.to.3layhid4;-1,047329502;;;;;;;;;
2layhid5.to.3layhid4;0,9634741;;;;;;;;;
2layhid6.to.3layhid4;-0,616334602;;;;;;;;;
2layhid7.to.3layhid4;0,056873225;;;;;;;;;
2layhid8.to.3layhid4;-0,194556815;;;;;;;;;
2layhid9.to.3layhid4;-2,525006285;;;;;;;;;
2layhid10.to.3layhid4;-4,500561091;;;;;;;;;
Intercept.to.3layhid5;0,302339551;;;;;;;;;
2layhid1.to.3layhid5;-0,150566629;;;;;;;;;
2layhid2.to.3layhid5;-0,609915029;;;;;;;;;
2layhid3.to.3layhid5;-0,163181947;;;;;;;;;
2layhid4.to.3layhid5;-2,29330591;;;;;;;;;
2layhid5.to.3layhid5;2,493518281;;;;;;;;;
2layhid6.to.3layhid5;0,345437768;;;;;;;;;
2layhid7.to.3layhid5;-0,416150238;;;;;;;;;
2layhid8.to.3layhid5;0,558743956;;;;;;;;;
2layhid9.to.3layhid5;1,017672626;;;;;;;;;
2layhid10.to.3layhid5;0,699348941;;;;;;;;;
Intercept.to.4layhid1;-1,232735297;;;;;;;;;
3layhid1.to.4layhid1;-2,18681018;;;;;;;;;
3layhid2.to.4layhid1;0,267795252;;;;;;;;;
3layhid3.to.4layhid1;-0,030185937;;;;;;;;;
3layhid4.to.4layhid1;0,570270186;;;;;;;;;
3layhid5.to.4layhid1;0,036697922;;;;;;;;;
Intercept.to.4layhid2;0,126255051;;;;;;;;;
3layhid1.to.4layhid2;1,287880819;;;;;;;;;
3layhid2.to.4layhid2;1,332811112;;;;;;;;;
3layhid3.to.4layhid2;0,284747244;;;;;;;;;
3layhid4.to.4layhid2;5,112129165;;;;;;;;;
3layhid5.to.4layhid2;1,09255981;;;;;;;;;
Intercept.to.4layhid3;-0,742319327;;;;;;;;;
3layhid1.to.4layhid3;1,242337634;;;;;;;;;
3layhid2.to.4layhid3;-0,340213213;;;;;;;;;
3layhid3.to.4layhid3;-1,276354081;;;;;;;;;
3layhid4.to.4layhid3;3,343971789;;;;;;;;;
3layhid5.to.4layhid3;2,880616088;;;;;;;;;
Intercept.to.4layhid4;-0,377035468;;;;;;;;;
3layhid1.to.4layhid4;-0,488617427;;;;;;;;;
3layhid2.to.4layhid4;0,672491108;;;;;;;;;
3layhid3.to.4layhid4;0,333390553;;;;;;;;;
3layhid4.to.4layhid4;-1,190986519;;;;;;;;;
3layhid5.to.4layhid4;-0,652673678;;;;;;;;;
Intercept.to.NLucro_2018;-1,324531659;;;;;;;;;
4layhid1.to.NLucro_2018;-1,530463147;;;;;;;;;
4layhid2.to.NLucro_2018;0,804418725;;;;;;;;;
4layhid3.to.NLucro_2018;1,746268915;;;;;;;;;
4layhid4.to.NLucro_2018;0,504795814;;;;;;;;;
Intercept.to.Lucro_2018;-0,746851119;;;;;;;;;
4layhid1.to.Lucro_2018;1,141914152;;;;;;;;;
4layhid2.to.Lucro_2018;1,064486043;;;;;;;;;
4layhid3.to.Lucro_2018;-1,378960365;;;;;;;;;
4layhid4.to.Lucro_2018;1,877977233;;;;;;;;;
